RegioNaam;RegioCode;AmsterdamseCode;OuderRegioNaam;OuderRegioCode;Kiesgerechtigden;Opkomst;OngeldigeStemmen;BlancoStemmen;GeldigeStemmen;Forum voor Democratie;VVD;CDA;GROENLINKS;Partij van de Arbeid (P.v.d.A.);Democraten 66 (D66);PVV (Partij voor de Vrijheid);SP (Socialistische Partij);ChristenUnie;Partij voor de Dieren;50PLUS;Staatkundig Gereformeerde Partij (SGP);DENK;50PLUS/PARTIJ VAN DE OUDEREN;Lokaal Brabant;Code Oranje;Fryske Nasjonale Partij (FNP);ChristenUnie/SGP;Groninger Belang;LOKAAL-LIMBURG;Ouderenpartij Noord-Holland;Lokale Partijen Zuid Holland (LPZH);NIDA;Lokale Partijen Gelderland-Code Oranje;Partij voor Zeeland (PVZ);Partij voor het Noorden;Senioren Brabant;Sterk Lokaal;Ouderen Appèl - Hart voor Brabant;U26 GEMEENTEN;Provinciaal Belang Fryslân;Onafhankelijke Partij Drenthe;Natuurlijk Fryslân;JEZUS LEEFT;Senioren Belang;Ouderen Politiek Actief (OPA);Respect!
Aa en Hunze;G1680;10787;Drenthe;P22;20686;13138;20;36;13082;1396;2369;794;1348;2071;854;587;685;399;585;397;37;11;;;;;;;;;;;;;;;1195;;;;297;;;57;;
Aalsmeer;G0358;11264;Noord-Holland;P27;22988;13925;27;53;13845;2942;2861;1665;1139;943;953;768;439;913;462;;;43;374;;174;;;;;144;;25;;;;;;;;;;;;;;
Aalten;G0197;11046;Gelderland;P25;21220;11853;27;41;11785;1402;1503;3357;828;830;631;602;819;742;315;452;85;73;;;;;;;;;;;125;;;;;;;;;;21;;;
Achtkarspelen;G0059;10199;Fryslân;P21;21584;12469;20;29;12420;2000;637;2471;466;1157;245;1206;494;1507;195;181;270;8;;;;1243;;;;;;;;;;;;;;288;;52;;;;
Alblasserdam;G0482;11327;Zuid-Holland;P28;14864;9059;34;12;9013;1351;913;730;311;767;334;595;317;1075;218;318;1794;132;;;53;;;;;;61;10;;;;;;;;;;;34;;;
Albrandswaard;G0613;10124;Zuid-Holland;P28;19076;10842;29;29;10784;2605;2094;893;619;705;671;779;427;490;437;636;176;106;;;39;;;;;;82;15;;;;;;;;;;;10;;;
Alkmaar;G0361;10527;Noord-Holland;P27;83787;47836;135;129;47572;7215;6231;3383;7484;5258;3994;2841;2735;1270;3144;;;649;1231;;837;;;;;1115;;185;;;;;;;;;;;;;;
Almelo;G0141;11053;Overijssel;P23;55326;27735;86;70;27579;4491;3760;3393;2178;2519;1455;3252;2040;1376;811;995;197;1112;;;;;;;;;;;;;;;;;;;;;;;;
Almere;G0034;10018;Flevoland;P24;148679;71297;355;198;70744;13303;9271;2721;7724;6880;4260;7028;4527;2491;4289;4512;256;2199;;;;;;;;;;;;;;;;;;;;;221;;518;544
Alphen aan den Rijn;G0484;10517;Zuid-Holland;P28;84406;49066;106;140;48820;8246;9426;4890;4158;3458;3865;2615;2356;3162;1755;2083;1591;543;;;174;;;;;;402;96;;;;;;;;;;;;;;
Alphen-Chaam;G1723;10710;Noord-Brabant;P30;7940;4745;6;15;4724;672;892;1195;245;195;348;270;257;;157;197;;7;;96;110;;32;;;;;;;;;36;;15;;;;;;;;
Altena;G1959;10078;Noord-Brabant;P30;42474;24174;40;30;24104;3482;2238;5391;806;865;686;1645;963;;496;385;;14;;571;49;;6341;;;;;;;;;115;;57;;;;;;;;
Ameland;G0060;11153;Fryslân;P21;2868;1749;4;5;1740;291;275;317;60;181;55;99;47;35;37;57;2;0;;;;38;;;;;;;;;;;;;;220;;26;;;;
Amersfoort;G0307;10948;Utrecht;P26;116091;70437;154;212;70071;7083;10018;5858;11991;5958;6920;2866;3801;6765;3458;1906;788;2128;;;;;;;;;;;;;;;;;531;;;;;;;
Amstelveen;G0362;10799;Noord-Holland;P27;58732;35770;95;109;35566;4865;6919;2154;5182;3397;4320;1639;1435;1340;1972;;;240;1203;;399;;;;;384;;117;;;;;;;;;;;;;;
Amsterdam;G0363;11150;Noord-Holland;P27;583421;310336;1455;822;308059;26702;33459;6957;73344;35237;41905;10538;15384;6475;26903;;;18561;5880;;2899;;;;;1410;;2405;;;;;;;;;;;;;;
Apeldoorn;G0200;11075;Gelderland;P25;126446;72625;221;164;72240;9750;10042;6257;7637;6286;5518;4459;3504;5916;3611;3628;3164;1382;;;;;;;;;;;941;;;;;;;;;;145;;;
Appingedam;G0003;10886;Groningen;P20;9385;4792;10;14;4768;501;287;519;259;521;179;330;621;347;103;106;;47;;;;;;497;;;;;;;451;;;;;;;;;;;
Arnhem;G0202;10795;Gelderland;P25;120043;61092;223;183;60686;7117;7275;3296;10311;6500;6328;3793;3619;2263;4984;1827;206;2363;;;;;;;;;;;728;;;;;;;;;;76;;;
Assen;G0106;10522;Drenthe;P22;52601;30194;81;81;30032;3251;3214;2050;3285;4120;2322;1398;2114;3719;1164;1499;236;115;;;;;;;;;;;;;;;992;;;;419;;;134;;
Asten;G0743;10478;Noord-Brabant;P30;12801;7502;20;24;7458;951;971;2640;377;335;473;457;498;;201;250;;9;;143;16;;34;;;;;;;;;72;;31;;;;;;;;
Baarle-Nassau;G0744;10060;Noord-Brabant;P30;5332;2749;3;8;2738;497;366;648;127;150;131;226;191;;110;151;;4;;65;12;;25;;;;;;;;;28;;7;;;;;;;;
Baarn;G0308;11411;Utrecht;P26;19213;11847;35;28;11784;1569;2420;1194;1527;914;1115;551;400;657;578;502;134;135;;;;;;;;;;;;;;;;;88;;;;;;;
Barendrecht;G0489;10943;Zuid-Holland;P28;36392;20682;47;70;20565;4771;3330;1788;1270;1391;1303;1294;668;1252;709;1002;1217;269;;;51;;;;;;163;56;;;;;;;;;;;31;;;
Barneveld;G0203;10906;Gelderland;P25;42215;28629;61;55;28513;3677;2981;3956;778;816;727;1407;492;4423;434;647;7701;214;;;;;;;;;;;194;;;;;;;;;;66;;;
Beek;G0888;11374;Limburg;P31;13158;7819;23;21;7775;1171;679;2002;616;408;462;936;556;84;281;387;;36;;;;;;;157;;;;;;;;;;;;;;;;;
Beekdaelen;G1954;10104;Limburg;P31;29159;16170;41;71;16058;2327;1459;3844;1541;1034;724;1976;1162;214;702;529;;23;;;;;;;523;;;;;;;;;;;;;;;;;
Beemster;G0370;10816;Noord-Holland;P27;7623;4894;6;16;4872;857;1012;591;461;462;387;304;165;73;249;;;4;109;;69;;;;;126;;3;;;;;;;;;;;;;;
Beesel;G0889;10195;Limburg;P31;10674;5786;16;34;5736;827;554;1226;345;344;271;998;391;43;132;264;;70;;;;;;;271;;;;;;;;;;;;;;;;;
Berg en Dal;G1945;10616;Gelderland;P25;28106;16293;53;47;16193;2359;2226;1899;2096;1453;1211;1396;1393;254;862;818;45;37;;;;;;;;;;;144;;;;;;;;;;;;;
Bergeijk;G1724;11160;Noord-Brabant;P30;14568;7970;26;20;7924;1123;1189;1841;449;409;424;595;616;;282;314;;6;;439;53;;46;;;;;;;;;100;;38;;;;;;;;
Bergen(LI);G0893;11281;Limburg;P31;10563;5640;25;34;5581;917;478;1269;316;510;192;890;545;52;159;187;;8;;;;;;;58;;;;;;;;;;;;;;;;;
Bergen(NH);G0373;11424;Noord-Holland;P27;24370;15831;23;46;15762;2665;2880;1321;2171;1386;1323;858;594;341;1178;;;13;377;;356;;;;;279;;20;;;;;;;;;;;;;;
Bergen op Zoom;G0748;11037;Noord-Brabant;P30;51337;25110;68;94;24948;4133;3961;2459;2095;1611;1937;2270;1998;;933;1320;;888;;669;67;;306;;;;;;;;;154;;147;;;;;;;;
Berkelland;G1859;10436;Gelderland;P25;35250;21525;40;69;21416;2917;4281;3760;1866;2064;1212;1124;1696;452;643;993;86;49;;;;;;;;;;;256;;;;;;;;;;17;;;
Bernheze;G1721;10149;Noord-Brabant;P30;23788;12753;34;39;12680;1651;2154;2647;762;593;1108;797;1633;;269;410;;17;;391;23;;85;;;;;;;;;88;;52;;;;;;;;
Best;G0753;10442;Noord-Brabant;P30;22611;12468;32;32;12404;1795;2207;1447;856;694;1407;841;983;;391;722;;132;;255;35;;389;;;;;;;;;132;;118;;;;;;;;
Beuningen;G0209;10417;Gelderland;P25;21004;11258;38;32;11188;2099;1914;1200;1024;963;900;809;871;181;404;630;20;51;;;;;;;;;;;122;;;;;;;;;;;;;
Beverwijk;G0375;10272;Noord-Holland;P27;30299;15471;45;47;15379;3113;1771;1047;1917;1461;1078;1279;945;351;712;;;383;513;;454;;;;;297;;58;;;;;;;;;;;;;;
Bladel;G1728;11006;Noord-Brabant;P30;15784;8356;21;18;8317;1068;1266;1994;489;502;467;609;749;;228;447;;5;;202;32;;55;;;;;;;;;141;;63;;;;;;;;
Blaricum;G0376;10493;Noord-Holland;P27;8374;5415;18;3;5394;932;1610;461;370;363;517;249;170;194;210;;;27;140;;45;;;;;98;;8;;;;;;;;;;;;;;
Bloemendaal;G0377;10850;Noord-Holland;P27;17507;12152;39;28;12085;1333;3400;1116;1557;894;1691;296;256;392;677;;;9;243;;127;;;;;87;;7;;;;;;;;;;;;;;
Bodegraven-Reeuwijk;G1901;11091;Zuid-Holland;P28;26233;16338;38;52;16248;2433;3052;2519;1079;753;1037;746;389;1483;435;498;1558;116;;;23;;;;;;103;24;;;;;;;;;;;;;;
Boekel;G0755;10432;Noord-Brabant;P30;8129;4449;10;20;4419;609;615;1143;172;166;223;303;418;;138;129;;3;;420;9;;16;;;;;;;;;38;;17;;;;;;;;
Borger-Odoorn;G1681;10448;Drenthe;P22;20712;12107;17;27;12063;1692;1551;1103;790;1833;538;1006;724;608;486;427;96;9;;;;;;;;;;;;;;;941;;;;165;;;94;;
Borne;G0147;10326;Overijssel;P23;17961;11007;34;30;10943;1589;1896;2097;1022;1014;673;764;788;299;270;435;43;53;;;;;;;;;;;;;;;;;;;;;;;;
Borsele;G0654;10043;Zeeland;P29;17446;11173;11;16;11146;1160;904;2459;466;711;377;530;395;434;311;482;2206;3;;;;;;;;;;;;708;;;;;;;;;;;;
Boxmeer;G0756;11227;Noord-Brabant;P30;23097;13651;29;53;13569;1822;2004;2566;859;842;871;849;2334;;343;476;;56;;286;25;;88;;;;;;;;;98;;50;;;;;;;;
Boxtel;G0757;10083;Noord-Brabant;P30;23512;12347;38;38;12271;1600;1826;1893;1129;859;1242;824;1386;;447;445;;114;;221;31;;108;;;;;;;;;87;;59;;;;;;;;
Breda;G0758;10154;Noord-Brabant;P30;140136;74317;201;214;73902;8753;15365;6173;8412;5261;9240;4267;5992;;3499;2740;;912;;1370;176;;899;;;;;;;;;519;;324;;;;;;;;
Brielle;G0501;10232;Zuid-Holland;P28;13643;7777;16;21;7740;1925;1513;581;425;649;495;639;349;204;291;434;39;12;;;16;;;;;;156;6;;;;;;;;;;;6;;;
Bronckhorst;G1876;11159;Gelderland;P25;29457;18119;43;49;18027;2406;3439;3590;1524;1609;1049;839;1012;646;630;704;197;23;;;;;;;;;;;339;;;;;;;;;;20;;;
Brummen;G0213;10798;Gelderland;P25;16794;9599;28;46;9525;1380;1502;958;1208;1084;593;628;619;332;411;452;64;132;;;;;;;;;;;154;;;;;;;;;;8;;;
Brunssum;G0899;10533;Limburg;P31;22770;11594;29;37;11528;1833;1299;1035;524;1428;301;2054;1137;238;437;420;;54;;;;;;;768;;;;;;;;;;;;;;;;;
Bunnik;G0312;10820;Utrecht;P26;11537;8256;17;24;8215;763;1307;1095;1757;619;818;316;241;419;381;242;152;21;;;;;;;;;;;;;;;;;84;;;;;;;
Bunschoten;G0313;11343;Utrecht;P26;15742;10237;31;18;10188;2120;886;1832;183;174;108;560;112;2888;74;200;989;35;;;;;;;;;;;;;;;;;27;;;;;;;
Buren;G0214;11286;Gelderland;P25;20849;12545;22;32;12491;2536;2255;1140;724;848;695;1121;471;634;583;502;800;30;;;;;;;;;;;152;;;;;;;;;;;;;
Capelle aan den IJssel;G0502;11248;Zuid-Holland;P28;50730;25672;71;95;25506;4958;3661;1357;1850;2096;1763;1994;1235;1541;1089;1496;1812;270;;;70;;;;;;257;57;;;;;;;;;;;;;;
Castricum;G0383;11287;Noord-Holland;P27;28469;18879;56;48;18775;2756;3074;1933;2959;1679;2007;801;945;458;1011;;;32;481;;277;;;;;328;;34;;;;;;;;;;;;;;
Coevorden;G0109;10383;Drenthe;P22;28201;16437;35;28;16374;2302;2637;2279;931;2286;724;1225;1099;593;472;548;114;15;;;;;;;;;;;;;;;830;;;;212;;;107;;
Cranendonck;G1706;10219;Noord-Brabant;P30;16108;8662;18;38;8606;1488;1479;1388;390;421;717;1032;588;;276;403;;14;;160;20;;73;;;;;;;;;97;;60;;;;;;;;
Cuijk;G1684;10023;Noord-Brabant;P30;19515;10390;31;37;10322;1359;1426;1663;873;821;714;625;1186;;345;315;;211;;556;14;;69;;;;;;;;;87;;58;;;;;;;;
Culemborg;G0216;10342;Gelderland;P25;21692;12633;43;32;12558;1794;1745;921;2140;1016;1200;760;585;578;717;495;134;384;;;;;;;;;;;89;;;;;;;;;;;;;
Dalfsen;G0148;11007;Overijssel;P23;21984;14335;33;27;14275;1626;1803;3682;1030;899;718;747;651;1807;319;532;446;15;;;;;;;;;;;;;;;;;;;;;;;;
Dantumadiel;G1891;10650;Fryslân;P21;14905;8880;12;8;8860;1384;352;1878;360;709;185;685;374;1100;142;129;562;1;;;;837;;;;;;;;;;;;;;117;;45;;;;
De Bilt;G0310;10168;Utrecht;P26;32783;22199;66;45;22088;2245;4210;2006;3481;1683;2480;910;811;1145;1212;561;817;137;;;;;;;;;;;;;;;;;390;;;;;;;
De Fryske Marren;G1940;10022;Fryslân;P21;40308;24823;38;57;24728;3366;2779;4899;1706;2535;925;1335;935;998;628;556;454;22;;;;3100;;;;;;;;;;;;;;297;;193;;;;
De Ronde Venen;G0736;11379;Utrecht;P26;34075;21463;49;70;21344;3804;4213;3364;1887;1280;1709;1163;498;1017;750;1052;341;109;;;;;;;;;;;;;;;;;157;;;;;;;
De Wolden;G1690;10262;Drenthe;P22;19444;12472;26;24;12422;1620;2408;1898;869;1280;617;608;509;658;416;318;122;13;;;;;;;;;;;;;;;889;;;;156;;;41;;
Delft;G0503;10928;Zuid-Holland;P28;74191;43649;127;187;43335;5196;5884;2411;7333;4444;6888;2166;2146;1989;2179;1315;245;632;;;114;;;;;;243;101;;;;;;;;;;;49;;;
Delfzijl;G0010;10976;Groningen;P20;19733;9684;30;39;9615;1212;700;728;495;966;295;829;937;899;211;397;;126;;;;;;1194;;;;;;;626;;;;;;;;;;;
Den Helder;G0400;10285;Noord-Holland;P27;44393;21599;84;68;21447;5280;2643;1773;1393;2054;907;2420;1174;1185;855;;;69;753;;289;;;;;629;;23;;;;;;;;;;;;;;
Deurne;G0762;10379;Noord-Brabant;P30;25495;13002;34;74;12894;1865;2093;2906;857;804;788;1031;1049;;335;603;;20;;230;21;;83;;;;;;;;;134;;75;;;;;;;;
Deventer;G0150;10899;Overijssel;P23;75808;43711;124;133;43454;4501;6115;3778;7009;6041;3957;2349;2838;1736;2237;1472;170;1251;;;;;;;;;;;;;;;;;;;;;;;;
Diemen;G0384;11039;Noord-Holland;P27;23381;11073;36;27;11010;1719;1338;467;2111;1214;1059;608;533;303;687;;;251;419;;155;;;;;90;;56;;;;;;;;;;;;;;
Dinkelland;G1774;10245;Overijssel;P23;20804;12821;40;30;12751;1706;1965;5003;701;738;462;938;459;103;199;417;47;13;;;;;;;;;;;;;;;;;;;;;;;;
Doesburg;G0221;10327;Gelderland;P25;9034;4998;17;9;4972;736;602;467;511;596;365;368;493;136;261;184;13;178;;;;;;;;;;;56;;;;;;;;;;6;;;
Doetinchem;G0222;10396;Gelderland;P25;45380;24290;60;68;24162;3240;3322;3662;2323;2473;1705;1646;2107;782;871;1053;373;273;;;;;;;;;;;309;;;;;;;;;;23;;;
Dongen;G0766;11412;Noord-Brabant;P30;20420;10266;14;46;10206;1418;1719;1408;697;848;919;654;949;;331;411;;124;;267;25;;215;;;;;;;;;171;;50;;;;;;;;
Dordrecht;G0505;11157;Zuid-Holland;P28;89488;46249;145;107;45997;7231;5860;3079;4506;3816;3334;3804;2645;3153;2295;2208;1811;1599;;;160;;;;;;287;120;;;;;;;;;;;89;;;
Drechterland;G0498;10642;Noord-Holland;P27;15050;9156;18;33;9105;1880;1773;1231;686;699;576;511;507;171;311;;;4;238;;222;;;;;276;;20;;;;;;;;;;;;;;
Drimmelen;G1719;10258;Noord-Brabant;P30;21609;11702;16;38;11648;2028;2181;1446;791;765;812;974;953;;411;584;;6;;329;29;;148;;;;;;;;;122;;69;;;;;;;;
Dronten;G0303;10210;Flevoland;P24;30488;18789;48;33;18708;3039;3164;2744;1568;1076;889;1291;1063;1842;561;746;347;160;;;;;;;;;;;;;;;;;;;;;54;;108;56
Druten;G0225;10068;Gelderland;P25;14718;7870;23;30;7817;1308;1333;945;588;635;554;652;728;112;255;465;20;134;;;;;;;;;;;88;;;;;;;;;;;;;
Duiven;G0226;11028;Gelderland;P25;20018;11268;28;20;11220;1947;1983;1287;1067;993;798;725;765;312;435;646;36;40;;;;;;;;;;;175;;;;;;;;;;11;;;
Echt-Susteren;G1711;10941;Limburg;P31;25668;14008;31;70;13907;1926;935;3129;1019;860;512;2238;836;109;433;434;;21;;;;;;;1455;;;;;;;;;;;;;;;;;
Edam-Volendam;G0385;10884;Noord-Holland;P27;28284;18739;59;53;18627;7609;1796;2758;1214;859;610;1684;482;230;625;;;50;326;;165;;;;;208;;11;;;;;;;;;;;;;;
Ede;G0228;10743;Gelderland;P25;87475;55444;124;96;55224;7177;6222;5844;4623;2675;2960;2747;1643;8013;1812;1487;8481;942;;;;;;;;;;;504;;;;;;;;;;94;;;
Eemnes;G0317;10248;Utrecht;P26;7052;4624;6;10;4608;745;874;603;372;552;302;239;152;178;206;146;30;1;;;;;;;;;;;;;;;;;208;;;;;;;
Eersel;G0770;10741;Noord-Brabant;P30;15195;8460;16;33;8411;930;1269;2194;557;459;677;536;627;;256;333;;5;;310;21;;92;;;;;;;;;95;;50;;;;;;;;
Eijsden-Margraten;G1903;11243;Limburg;P31;20528;12067;33;28;12006;1618;1312;3035;1281;700;758;973;610;114;546;362;;17;;;;;;;680;;;;;;;;;;;;;;;;;
Eindhoven;G0772;11298;Noord-Brabant;P30;164363;82473;272;302;81899;9765;11504;5986;10839;6808;9649;5327;7431;;4478;3547;;1895;;1124;331;;1469;;;;;;;;;618;;1128;;;;;;;;
Elburg;G0230;11113;Gelderland;P25;17569;11161;27;31;11103;1406;1054;1427;375;406;266;600;320;2674;209;273;2004;8;;;;;;;;;;;52;;;;;;;;;;29;;;
Emmen;G0114;11180;Drenthe;P22;85191;46138;136;89;45913;7866;3581;5088;2296;8228;1735;5431;3610;2008;1134;1977;191;234;;;;;;;;;;;;;;;1694;;;;366;;;474;;
Enkhuizen;G0388;10729;Noord-Holland;P27;14187;7835;20;27;7788;1364;1041;656;703;777;550;470;897;357;354;;;73;168;;221;;;;;143;;14;;;;;;;;;;;;;;
Enschede;G0153;10364;Overijssel;P23;119723;62786;240;221;62325;10233;7781;5168;7131;6436;4968;6012;4795;3285;2496;1983;336;1701;;;;;;;;;;;;;;;;;;;;;;;;
Epe;G0232;10940;Gelderland;P25;26473;15951;32;43;15876;2212;2258;1904;1478;1408;814;1073;690;1388;678;697;867;180;;;;;;;;;;;193;;;;;;;;;;36;;;
Ermelo;G0233;10732;Gelderland;P25;21092;13231;14;35;13182;1764;1583;2210;880;653;572;601;401;2305;437;410;1185;33;;;;;;;;;;;112;;;;;;;;;;36;;;
Etten-Leur;G0777;10750;Noord-Brabant;P30;33385;16781;55;35;16691;2524;2699;2468;1364;1049;1212;1522;1200;;503;694;;298;;626;40;;201;;;;;;;;;198;;93;;;;;;;;
Geertruidenberg;G0779;10101;Noord-Brabant;P30;16909;8625;27;26;8572;1581;1416;1008;628;626;455;939;697;;255;398;;20;;237;85;;99;;;;;;;;;77;;51;;;;;;;;
Geldrop-Mierlo;G1771;10529;Noord-Brabant;P30;30645;16448;30;75;16343;2427;2314;1996;1568;1162;1424;1340;1529;;678;831;;118;;395;32;;241;;;;;;;;;163;;125;;;;;;;;
Gemert-Bakel;G1652;10277;Noord-Brabant;P30;23293;12580;31;49;12500;1766;1754;3035;720;540;716;1037;1545;;379;477;;25;;238;22;;66;;;;;;;;;118;;62;;;;;;;;
Gennep;G0907;10542;Limburg;P31;13556;7159;14;34;7111;973;909;1450;574;653;502;489;985;62;238;197;;22;;;;;;;57;;;;;;;;;;;;;;;;;
Gilze en Rijen;G0784;11375;Noord-Brabant;P30;20286;10844;29;36;10779;1689;1720;1402;838;958;836;755;875;;339;562;;209;;308;29;;87;;;;;;;;;116;;56;;;;;;;;
Goeree-Overflakkee;G1924;11067;Zuid-Holland;P28;39089;24585;65;44;24476;4584;3184;2106;712;1623;587;1712;822;2446;608;889;4880;12;;;67;;;;;;203;8;;;;;;;;;;;33;;;
Goes;G0664;10674;Zeeland;P29;29821;17602;41;32;17529;1798;1695;3926;1297;1588;824;937;892;948;656;804;1394;64;;;;;;;;;;;;706;;;;;;;;;;;;
Goirle;G0785;10971;Noord-Brabant;P30;18585;10364;26;33;10305;1411;1778;1228;1027;750;1080;688;1030;;401;409;;40;;221;18;;64;;;;;;;;;99;;61;;;;;;;;
Gooise Meren;G1942;10281;Noord-Holland;P27;42456;27330;44;76;27210;3227;6782;2294;3445;2229;3590;1013;763;1015;1389;;;135;835;;296;;;;;151;;46;;;;;;;;;;;;;;
Gorinchem;G0512;10942;Zuid-Holland;P28;27536;14386;47;33;14306;2157;2236;1032;1167;1197;1089;965;1054;1115;550;512;439;534;;;108;;;;;;78;40;;;;;;;;;;;33;;;
Gouda;G0513;10302;Zuid-Holland;P28;54945;32558;134;82;32342;4368;3806;2123;3919;2822;3023;1897;1367;3220;1563;1314;1755;734;;;95;;;;;;224;112;;;;;;;;;;;;;;
Grave;G0786;10165;Noord-Brabant;P30;9746;5437;16;22;5399;859;782;769;410;348;384;368;592;;170;174;;4;;404;20;;51;;;;;;;;;40;;24;;;;;;;;
Groningen;G0014;10426;Groningen;P20;177624;102715;217;251;102247;7955;9823;5431;20940;12894;11163;3634;7821;7559;6069;1628;;398;;;;;;3636;;;;;;;3296;;;;;;;;;;;
Gulpen-Wittem;G1729;11032;Limburg;P31;11843;6877;17;31;6829;930;545;1732;775;392;335;803;477;69;330;248;;8;;;;;;;185;;;;;;;;;;;;;;;;;
Haaksbergen;G0158;11435;Overijssel;P23;19198;11356;29;47;11280;1756;1794;2677;668;1049;676;820;653;190;249;552;50;146;;;;;;;;;;;;;;;;;;;;;;;;
Haaren;G0788;11155;Noord-Brabant;P30;11416;6250;8;26;6216;740;1118;1237;530;322;548;344;456;;237;202;;10;;327;14;;46;;;;;;;;;58;;27;;;;;;;;
Haarlem;G0392;10357;Noord-Holland;P27;117251;67815;224;189;67402;7531;8065;3181;13443;8186;8238;3223;3276;2031;5054;;;1331;1751;;1086;;;;;732;;274;;;;;;;;;;;;;;
Haarlemmermeer;G0394;11387;Noord-Holland;P27;112745;60057;190;116;59751;12774;10427;5039;6006;4594;4548;4173;2241;2888;2422;;;603;2116;;896;;;;;725;;299;;;;;;;;;;;;;;
Halderberge;G1655;10397;Noord-Brabant;P30;23526;11840;26;17;11797;2037;2064;1805;690;611;604;1249;954;;345;493;;104;;410;24;;131;;;;;;;;;72;;204;;;;;;;;
Hardenberg;G0160;10174;Overijssel;P23;46518;28307;58;65;28184;4117;2860;6366;1422;1828;771;2246;1300;4535;564;1390;751;34;;;;;;;;;;;;;;;;;;;;;;;;
Harderwijk;G0243;10786;Gelderland;P25;35623;21072;57;45;20970;2898;3172;2562;1573;1551;1123;1201;718;3112;680;708;729;671;;;;;;;;;;;239;;;;;;;;;;33;;;
Hardinxveld-Giessendam;G0523;10167;Zuid-Holland;P28;13579;8807;11;11;8785;1073;819;760;176;493;159;568;236;1937;136;247;2077;16;;;22;;;;;;41;3;;;;;;;;;;;22;;;
Harlingen;G0072;10909;Fryslân;P21;12389;7135;19;17;7099;1233;760;1012;521;1099;228;424;403;321;319;250;39;3;;;;246;;;;;;;;;;;;;;159;;82;;;;
Hattem;G0244;10673;Gelderland;P25;9421;6245;14;19;6212;654;740;857;599;629;317;247;223;1374;181;140;197;17;;;;;;;;;;;32;;;;;;;;;;5;;;
Heemskerk;G0396;10679;Noord-Holland;P27;30489;16938;51;55;16832;3113;2018;1621;2268;1634;1185;1157;1062;533;703;;;204;617;;326;;;;;341;;50;;;;;;;;;;;;;;
Heemstede;G0397;11288;Noord-Holland;P27;20530;14038;31;26;13981;1510;3583;1326;1840;1103;2024;386;365;404;749;;;17;385;;162;;;;;105;;22;;;;;;;;;;;;;;
Heerde;G0246;10291;Gelderland;P25;14615;8911;26;22;8863;1025;804;1647;670;799;314;575;332;1585;304;252;440;16;;;;;;;;;;;66;;;;;;;;;;34;;;
Heerenveen;G0074;10680;Fryslân;P21;39251;23290;88;83;23119;2695;2869;2789;2101;3897;1297;1145;1370;1106;812;602;105;116;;;;1526;;;;;;;;;;;;;;465;;224;;;;
Heerhugowaard;G0398;10752;Noord-Holland;P27;42056;22249;93;77;22079;4129;3253;1947;2208;1843;1660;1457;1396;707;876;;;238;676;;654;;;;;980;;55;;;;;;;;;;;;;;
Heerlen;G0917;10902;Limburg;P31;68847;32821;122;100;32599;4627;2444;3704;2276;2036;1406;5628;5627;370;1839;1197;;362;;;;;;;1083;;;;;;;;;;;;;;;;;
Heeze-Leende;G1658;10462;Noord-Brabant;P30;12693;7540;25;35;7480;892;1437;1411;581;481;674;445;539;;288;298;;12;;188;22;;86;;;;;;;;;83;;43;;;;;;;;
Heiloo;G0399;10793;Noord-Holland;P27;18582;12443;23;27;12393;1698;2360;1075;1751;1291;1322;511;472;412;771;;;23;312;;167;;;;;215;;13;;;;;;;;;;;;;;
Hellendoorn;G0163;10806;Overijssel;P23;28133;17432;40;53;17339;2462;2092;5112;1446;1098;725;1179;946;1189;334;542;180;34;;;;;;;;;;;;;;;;;;;;;;;;
Hellevoetsluis;G0530;11078;Zuid-Holland;P28;31398;16483;52;50;16381;4572;2648;853;892;1403;788;1647;741;429;674;1123;82;201;;;42;;;;;;238;28;;;;;;;;;;;20;;;
Helmond;G0794;10932;Noord-Brabant;P30;66356;31880;125;120;31635;5232;4505;2735;2722;2037;2068;4242;3171;;979;1811;;718;;414;67;;317;;;;;;;;;414;;203;;;;;;;;
Hendrik-Ido-Ambacht;G0531;10416;Zuid-Holland;P28;22998;13795;31;33;13731;2442;2064;991;565;769;731;907;483;1220;365;549;2241;77;;;55;;;;;;236;19;;;;;;;;;;;17;;;
Hengelo;G0164;10907;Overijssel;P23;62792;35463;93;111;35259;5092;4936;4173;3678;3789;2524;2774;3795;1167;1355;1205;152;619;;;;;;;;;;;;;;;;;;;;;;;;
Het Hogeland ;G1966;10246;Groningen;P20;37766;23088;35;76;22977;1899;1652;3179;2179;3054;776;1115;1739;3206;816;378;;12;;;;;;1988;;;;;;;984;;;;;;;;;;;
Heumen;G0252;10600;Gelderland;P25;13020;8119;26;25;8068;923;1356;1087;1146;726;844;350;613;157;383;347;7;18;;;;;;;;;;;111;;;;;;;;;;;;;
Heusden;G0797;10307;Noord-Brabant;P30;34072;18311;49;77;18185;2911;3395;2303;1323;1007;1442;1538;1474;;634;730;;183;;470;37;;339;;;;;;;;;252;;147;;;;;;;;
Hillegom;G0534;11236;Zuid-Holland;P28;16572;9710;35;21;9654;1987;1792;885;889;694;814;661;312;247;433;665;66;60;;;28;;;;;;111;10;;;;;;;;;;;;;;
Hilvarenbeek;G0798;11297;Noord-Brabant;P30;12201;7310;18;18;7274;858;1460;1476;568;427;611;350;604;;269;263;;3;;182;21;;57;;;;;;;;;85;;40;;;;;;;;
Hilversum;G0402;11285;Noord-Holland;P27;65072;38497;100;95;38302;4842;6174;2334;5956;3290;4880;2050;1694;1882;2338;;;630;1396;;471;;;;;265;;100;;;;;;;;;;;;;;
Hoeksche Waard;G1963;10222;Zuid-Holland;P28;68539;40385;95;77;40213;8067;5982;4170;2113;2797;2282;2590;1624;2563;1393;1723;4228;46;;;205;;;;;;364;19;;;;;;;;;;;47;;;
Hof van Twente;G1735;10076;Overijssel;P23;27800;17481;45;33;17403;2302;3238;4549;1151;1777;969;959;909;316;422;613;115;83;;;;;;;;;;;;;;;;;;;;;;;;
Hollands Kroon;G1911;10344;Noord-Holland;P27;38498;20712;47;56;20609;4484;3065;2589;1361;1528;1110;1520;1034;716;644;;;19;492;;293;;;;;1736;;18;;;;;;;;;;;;;;
Hoogeveen;G0118;10839;Drenthe;P22;43064;24046;61;77;23908;3980;2174;3770;1213;2202;928;2207;1909;2396;528;799;654;81;;;;;;;;;;;;;;;712;;;;228;;;127;;
Hoorn;G0405;11392;Noord-Holland;P27;55195;29755;98;105;29552;5190;3952;2012;3923;3016;2364;2057;1913;808;1551;;;398;915;;555;;;;;805;;93;;;;;;;;;;;;;;
Horst aan de Maas;G1507;11108;Limburg;P31;32712;18302;31;67;18204;2391;1862;5545;1308;950;1455;1412;1809;138;446;552;;23;;;;;;;313;;;;;;;;;;;;;;;;;
Houten;G0321;10230;Utrecht;P26;36944;23945;41;49;23855;2757;3890;2716;3818;1852;2039;1142;818;2181;943;736;659;65;;;;;;;;;;;;;;;;;239;;;;;;;
Huizen;G0406;11170;Noord-Holland;P27;32156;19576;41;45;19490;3130;3476;1838;1871;1589;1495;1152;628;2086;824;;;220;652;;228;;;;;251;;50;;;;;;;;;;;;;;
Hulst;G0677;11408;Zeeland;P29;19998;10699;35;37;10627;1586;1274;2311;513;875;458;821;862;99;337;918;57;12;;;;;;;;;;;;504;;;;;;;;;;;;
IJsselstein;G0353;10152;Utrecht;P26;25846;14614;39;43;14532;2240;2938;1606;1542;1129;1162;1004;722;609;507;568;169;190;;;;;;;;;;;;;;;;;146;;;;;;;
Kaag en Braassem;G1884;10349;Zuid-Holland;P28;20958;12476;33;27;12416;2459;2636;1767;839;714;1161;716;391;343;412;698;60;29;;;52;;;;;;131;8;;;;;;;;;;;;;;
Kampen;G0166;10253;Overijssel;P23;40083;26033;57;68;25908;3215;2150;3421;2075;1410;959;1818;1146;4859;586;733;3304;232;;;;;;;;;;;;;;;;;;;;;;;;
Kapelle;G0678;11223;Zeeland;P29;9665;6565;8;11;6546;659;820;1286;284;450;215;300;198;492;180;252;1036;3;;;;;;;;;;;;371;;;;;;;;;;;;
Katwijk;G0537;10707;Zuid-Holland;P28;48686;29838;88;69;29681;7206;3296;3358;969;1220;1054;1752;616;4002;704;1557;3389;131;;;70;;;;;;335;22;;;;;;;;;;;;;;
Kerkrade;G0928;10313;Limburg;P31;34771;16843;36;41;16766;2492;905;2197;974;1201;364;3485;2362;126;701;976;;95;;;;;;;888;;;;;;;;;;;;;;;;;
Koggenland;G1598;10354;Noord-Holland;P27;17624;10774;20;48;10706;1889;2144;1860;880;795;617;622;512;177;390;;;10;288;;201;;;;;309;;12;;;;;;;;;;;;;;
Krimpen aan den IJssel;G0542;10859;Zuid-Holland;P28;22613;14396;38;31;14327;2417;1788;936;712;1025;770;965;475;1236;428;643;2516;57;;;28;;;;;;311;20;;;;;;;;;;;;;;
Krimpenerwaard;G1931;10050;Zuid-Holland;P28;43440;27409;68;66;27275;4392;4465;2522;1389;1910;1598;1573;927;2499;959;1254;3172;128;;;74;;;;;;389;24;;;;;;;;;;;;;;
Laarbeek;G1659;10173;Noord-Brabant;P30;17550;9589;30;40;9519;1326;1304;2119;576;598;612;804;992;;277;381;;8;;188;23;;76;;;;;;;;;96;;139;;;;;;;;
Landerd;G1685;10276;Noord-Brabant;P30;12167;6967;15;38;6914;895;1156;1171;322;310;450;466;806;;167;221;;4;;803;5;;42;;;;;;;;;59;;37;;;;;;;;
Landgraaf;G0882;11335;Limburg;P31;30175;15605;52;55;15498;2260;1008;1418;910;966;561;3345;1749;159;621;574;;58;;;;;;;1869;;;;;;;;;;;;;;;;;
Landsmeer;G0415;11225;Noord-Holland;P27;8807;5740;14;22;5704;1206;790;339;777;608;549;384;349;106;294;;;27;171;;59;;;;;40;;5;;;;;;;;;;;;;;
Langedijk;G0416;10955;Noord-Holland;P27;21687;13072;46;36;12990;2311;2035;1468;1418;1032;959;783;589;629;565;;;53;376;;292;;;;;460;;20;;;;;;;;;;;;;;
Lansingerland;G1621;10139;Zuid-Holland;P28;44349;26619;53;60;26506;4812;5794;2744;1778;1450;2606;1442;613;2131;897;1101;342;228;;;80;;;;;;403;85;;;;;;;;;;;;;;
Laren;G0417;10649;Noord-Holland;P27;8646;5649;18;9;5622;863;2036;471;407;287;558;204;158;123;261;;;13;136;;40;;;;;62;;3;;;;;;;;;;;;;;
Leeuwarden;G0080;11228;Fryslân;P21;95966;54435;129;130;54176;7122;5000;5322;6210;9969;2998;2801;3313;2627;2636;1697;191;174;;;;3025;;;;;;;;;;;;;;508;;583;;;;
Leiden;G0546;10702;Zuid-Holland;P28;93207;56685;151;202;56332;6341;7107;2890;10768;5922;9332;2518;2567;2001;3734;1466;237;853;;;148;;;;;;268;180;;;;;;;;;;;;;;
Leiderdorp;G0547;10058;Zuid-Holland;P28;20828;12768;29;29;12710;2056;2333;992;1417;1309;1420;624;442;475;505;720;164;108;;;35;;;;;;98;12;;;;;;;;;;;;;;
Leidschendam-Voorburg;G1916;11103;Zuid-Holland;P28;55878;33751;90;97;33564;5203;7197;2903;3133;2775;3944;1955;1190;1037;1590;1558;177;279;;;90;;;;;;461;72;;;;;;;;;;;;;;
Lelystad;G0995;11110;Flevoland;P24;56825;29976;125;81;29770;5612;4038;1649;2238;3235;1358;3196;2001;1752;1322;1523;249;788;;;;;;;;;;;;;;;;;;;;;53;;524;232
Leudal;G1640;10840;Limburg;P31;28478;15546;30;65;15451;2171;1701;3804;908;790;1275;1681;985;182;478;474;;16;;;;;;;986;;;;;;;;;;;;;;;;;
Leusden;G0327;10978;Utrecht;P26;23301;15502;35;54;15413;1849;2780;1985;1928;1169;1297;524;973;1359;597;491;316;37;;;;;;;;;;;;;;;;;108;;;;;;;
Lingewaard;G1705;10744;Gelderland;P25;36361;20542;47;57;20438;3255;3721;2345;1887;1797;1758;1321;2020;345;715;943;40;38;;;;;;;;;;;237;;;;;;;;;;16;;;
Lisse;G0553;10197;Zuid-Holland;P28;17566;10875;24;19;10832;2171;1949;1249;631;607;957;561;365;506;350;538;625;12;;;21;;;;;;276;14;;;;;;;;;;;;;;
Lochem;G0262;11263;Gelderland;P25;27071;17427;32;55;17340;1773;3783;2198;2277;1857;1532;642;843;563;836;600;60;94;;;;;;;;;;;257;;;;;;;;;;25;;;
Loon op Zand;G0809;11259;Noord-Brabant;P30;18317;9414;26;45;9343;1521;1601;1356;648;581;619;821;770;;292;377;;26;;431;18;;168;;;;;;;;;68;;46;;;;;;;;
Lopik;G0331;10333;Utrecht;P26;11126;6904;17;27;6860;1091;979;1393;302;295;186;576;180;750;176;176;678;41;;;;;;;;;;;;;;;;;37;;;;;;;
Loppersum;G0024;10934;Groningen;P20;7709;4961;11;8;4942;312;275;692;486;468;155;182;590;670;159;66;;2;;;;;;678;;;;;;;207;;;;;;;;;;;
Losser;G0168;11166;Overijssel;P23;17921;9972;24;26;9922;1747;1353;2427;642;665;534;1028;562;161;251;497;34;21;;;;;;;;;;;;;;;;;;;;;;;;
Maasdriel;G0263;10341;Gelderland;P25;18560;10705;28;59;10618;2280;1725;1765;679;501;505;1046;690;228;342;470;260;27;;;;;;;;;;;100;;;;;;;;;;;;;
Maasgouw;G1641;10964;Limburg;P31;19538;10137;22;60;10055;1656;1003;2440;593;449;481;1245;599;94;408;579;;24;;;;;;;484;;;;;;;;;;;;;;;;;
Maassluis;G0556;10880;Zuid-Holland;P28;24959;13732;38;44;13650;2694;2007;1515;767;1215;783;1041;514;854;468;808;144;644;;;42;;;;;;82;58;;;;;;;;;;;14;;;
Maastricht;G0935;10182;Limburg;P31;87401;45438;187;122;45129;6684;4642;4687;6189;3689;4145;5795;3156;704;2427;1880;;415;;;;;;;716;;;;;;;;;;;;;;;;;
Medemblik;G0420;11215;Noord-Holland;P27;33984;19402;51;48;19303;3741;3332;2722;1472;1461;1308;1269;956;821;748;;;92;468;;365;;;;;517;;31;;;;;;;;;;;;;;
Meerssen;G0938;10494;Limburg;P31;15332;8851;15;22;8814;1326;1058;1586;1040;493;518;1077;601;116;369;378;;13;;;;;;;239;;;;;;;;;;;;;;;;;
Meierijstad;G1948;10985;Noord-Brabant;P30;62144;32233;113;128;31992;4420;5316;6114;1995;1855;2421;2324;3493;;861;1120;;503;;634;243;;206;;;;;;;;;306;;181;;;;;;;;
Meppel;G0119;11204;Drenthe;P22;26010;15701;34;34;15633;1950;2411;1529;1577;1946;964;861;1084;1440;571;445;93;76;;;;;;;;;;;;;;;402;;;;184;;;100;;
Middelburg;G0687;10122;Zeeland;P29;37256;22057;55;64;21938;1898;2070;2667;2317;2440;1268;1018;1126;1776;1127;881;2224;235;;;;;;;;;;;;891;;;;;;;;;;;;
Midden-Delfland;G1842;10130;Zuid-Holland;P28;14792;9698;17;25;9656;1582;2054;1689;706;615;904;396;284;591;310;362;57;19;;;26;;;;;;43;13;;;;;;;;;;;5;;;
Midden-Drenthe;G1731;10520;Drenthe;P22;26607;16228;31;19;16178;2082;2551;2131;1109;2216;863;834;807;1106;564;632;152;7;;;;;;;;;;;;;;;415;;;;635;;;74;;
Midden-Groningen;G1952;10410;Groningen;P20;48393;24807;66;84;24657;3055;2084;1437;1796;2893;975;1987;2485;2077;709;773;;282;;;;;;2855;;;;;;;1249;;;;;;;;;;;
Mill en Sint Hubert;G0815;10535;Noord-Brabant;P30;8758;4921;16;20;4885;728;633;1242;223;209;189;343;516;;127;162;;6;;411;6;;21;;;;;;;;;43;;26;;;;;;;;
Moerdijk;G1709;10046;Noord-Brabant;P30;28965;15003;30;41;14932;2744;2411;1921;778;988;831;1318;1217;;488;653;;43;;641;28;;631;;;;;;;;;145;;95;;;;;;;;
Molenlanden;G1978;10451;Zuid-Holland;P28;33061;22214;33;28;22153;2787;2757;3040;618;1176;685;1164;679;3918;450;552;4006;26;;;85;;;;;;139;19;;;;;;;;;;;52;;;
Montferland;G1955;10350;Gelderland;P25;28969;15456;41;53;15362;2678;2329;2837;926;1156;884;1671;1039;188;475;782;34;78;;;;;;;;;;;271;;;;;;;;;;14;;;
Montfoort;G0335;10033;Utrecht;P26;10610;7096;13;14;7069;1031;1260;1141;615;459;435;379;207;559;168;222;506;27;;;;;;;;;;;;;;;;;60;;;;;;;
Mook en Middelaar;G0944;10271;Limburg;P31;6342;4086;10;7;4069;522;615;418;817;493;320;219;239;57;194;113;;5;;;;;;;57;;;;;;;;;;;;;;;;;
Neder-Betuwe;G1740;10916;Gelderland;P25;17411;11322;23;22;11277;1479;1001;847;293;725;232;871;292;719;194;254;4264;21;;;;;;;;;;;85;;;;;;;;;;;;;
Nederweert;G0946;10681;Limburg;P31;13676;7844;17;35;7792;1031;723;3095;377;273;385;713;567;44;205;202;;7;;;;;;;170;;;;;;;;;;;;;;;;;
Nieuwegein;G0356;10374;Utrecht;P26;48747;25780;78;99;25603;4153;3604;2204;2955;2373;1651;2256;1748;1216;1077;1464;186;398;;;;;;;;;;;;;;;;;318;;;;;;;
Nieuwkoop;G0569;10728;Zuid-Holland;P28;22226;12689;24;26;12639;2600;2609;1988;723;749;862;748;310;606;351;615;279;22;;;56;;;;;;108;13;;;;;;;;;;;;;;
Nijkerk;G0267;10446;Gelderland;P25;32283;19873;32;57;19784;2802;3047;3070;1116;998;930;1266;484;2938;488;582;1672;173;;;;;;;;;;;179;;;;;;;;;;39;;;
Nijmegen;G0268;11209;Gelderland;P25;137504;79577;195;325;79057;7265;8216;4012;18554;8311;10099;3652;6879;1587;6238;2105;147;1282;;;;;;;;;;;710;;;;;;;;;;;;;
Nissewaard;G1930;10735;Zuid-Holland;P28;66366;32265;109;91;32065;8000;4072;1812;1655;2894;1398;4291;1997;1101;1207;2181;289;247;;;90;;;;;;731;35;;;;;;;;;;;65;;;
Noardeast-Fryslân;G1970;10198;Fryslân;P21;35150;19814;48;31;19735;2909;1370;4743;946;1612;423;1153;812;2015;468;353;278;6;;;;2229;;;;;;;;;;;;;;280;;138;;;;
Noord-Beveland;G1695;10250;Zeeland;P29;5904;3713;3;7;3703;523;465;706;207;271;130;288;163;111;171;170;237;5;;;;;;;;;;;;256;;;;;;;;;;;;
Noordenveld;G1699;10699;Drenthe;P22;25144;15650;19;41;15590;1877;2280;1211;1902;2391;1192;800;935;1049;604;521;63;7;;;;;;;;;;;;;;;340;;;;337;;;81;;
Noordoostpolder;G0171;10144;Flevoland;P24;33877;20945;47;66;20832;2903;2721;4166;1211;1379;781;1472;1322;2278;463;612;1159;142;;;;;;;;;;;;;;;;;;;;;52;;79;92
Noordwijk;G0575;10769;Zuid-Holland;P28;32511;19369;64;61;19244;4428;4385;2100;1336;1246;1507;1171;650;406;660;924;66;54;;;37;;;;;;254;20;;;;;;;;;;;;;;
Nuenen, Gerwen en Nederwetten;G0820;10761;Noord-Brabant;P30;18221;11303;13;56;11234;1344;2090;1533;1289;767;956;544;1103;;448;531;;11;;291;18;;158;;;;;;;;;78;;73;;;;;;;;
Nunspeet;G0302;10512;Gelderland;P25;21017;14331;23;24;14284;1832;1209;1698;510;396;329;748;339;2460;267;327;4017;31;;;;;;;;;;;95;;;;;;;;;;26;;;
Oegstgeest;G0579;10287;Zuid-Holland;P28;17563;12148;17;35;12096;1352;2715;1022;1511;1068;1980;318;334;532;630;417;45;42;;;39;;;;;;84;7;;;;;;;;;;;;;;
Oirschot;G0823;10225;Noord-Brabant;P30;14867;8293;25;23;8245;1054;1472;1913;480;459;677;588;655;;248;337;;6;;141;23;;57;;;;;;;;;89;;46;;;;;;;;
Oisterwijk;G0824;10103;Noord-Brabant;P30;20549;11456;20;49;11387;1547;2438;1514;1057;635;1172;632;857;;432;445;;33;;309;17;;118;;;;;;;;;122;;59;;;;;;;;
Oldambt;G1895;10453;Groningen;P20;30847;16394;48;73;16273;2274;1402;989;875;2153;599;1553;1981;954;464;507;;17;;;;;;1152;;;;;;;1353;;;;;;;;;;;
Oldebroek;G0269;11106;Gelderland;P25;17995;10872;29;10;10833;1270;621;1313;504;460;225;716;317;2798;229;240;1939;4;;;;;;;;;;;151;;;;;;;;;;46;;;
Oldenzaal;G0173;11100;Overijssel;P23;24797;14506;46;69;14391;2083;2618;2434;1788;1167;824;1149;857;186;360;707;33;185;;;;;;;;;;;;;;;;;;;;;;;;
Olst-Wijhe;G1773;10409;Overijssel;P23;14345;8522;12;10;8500;930;1133;1888;1250;895;528;441;525;226;302;299;66;17;;;;;;;;;;;;;;;;;;;;;;;;
Ommen;G0175;11069;Overijssel;P23;13823;8998;19;26;8953;1026;1200;2351;543;520;395;454;349;1404;217;277;209;8;;;;;;;;;;;;;;;;;;;;;;;;
Oost Gelre;G1586;11094;Gelderland;P25;23592;13590;38;57;13495;1886;2684;3250;811;1318;770;638;789;130;287;672;34;60;;;;;;;;;;;154;;;;;;;;;;12;;;
Oosterhout;G0826;11280;Noord-Brabant;P30;43316;22044;43;62;21939;3498;3883;2199;1991;1371;1839;1796;1510;;754;967;;343;;1171;55;;269;;;;;;;;;187;;106;;;;;;;;
Ooststellingwerf;G0085;10836;Fryslân;P21;20562;12120;27;36;12057;1829;1292;1707;938;1612;430;846;716;745;553;388;88;11;;;;362;;;;;;;;;;;;;;425;;115;;;;
Oostzaan;G0431;11303;Noord-Holland;P27;7604;4695;11;9;4675;1083;694;244;534;446;317;381;190;142;307;;;16;187;;68;;;;;60;;6;;;;;;;;;;;;;;
Opmeer;G0432;10609;Noord-Holland;P27;9080;5294;13;13;5268;970;871;1034;345;406;363;340;269;88;159;;;6;157;;95;;;;;159;;6;;;;;;;;;;;;;;
Opsterland;G0086;10005;Fryslân;P21;23397;14147;27;34;14086;1462;1349;2003;1193;2111;750;698;864;1306;415;290;233;8;;;;953;;;;;;;;;;;;;;326;;125;;;;
Oss;G0828;10834;Noord-Brabant;P30;70280;37844;129;153;37562;5700;5447;4435;2745;1919;2666;3141;6646;;1218;1504;;794;;644;70;;255;;;;;;;;;243;;135;;;;;;;;
Oude IJsselstreek;G1509;10260;Gelderland;P25;31347;17109;42;63;17004;2274;2625;3034;1086;1569;919;1274;1745;360;528;863;52;382;;;;;;;;;;;282;;;;;;;;;;11;;;
Ouder-Amstel;G0437;10998;Noord-Holland;P27;10243;6585;17;20;6548;877;1196;507;996;660;800;241;211;248;336;;;41;275;;98;;;;;52;;10;;;;;;;;;;;;;;
Oudewater;G0589;10188;Utrecht;P26;7866;4866;16;10;4840;732;811;1202;314;241;244;265;119;358;101;172;221;9;;;;;;;;;;;;;;;;;51;;;;;;;
Overbetuwe;G1734;11188;Gelderland;P25;36439;20776;53;56;20667;2954;3395;2797;2074;1635;1777;1325;1276;1021;757;799;470;98;;;;;;;;;;;267;;;;;;;;;;22;;;
Papendrecht;G0590;10427;Zuid-Holland;P28;25245;13636;37;32;13567;2362;2065;1139;800;1004;716;1050;608;1430;413;687;765;118;;;62;;;;;;313;14;;;;;;;;;;;21;;;
Peel en Maas;G1894;10205;Limburg;P31;34275;17935;32;76;17827;2737;2701;5678;927;792;740;1863;956;110;400;482;;93;;;;;;;348;;;;;;;;;;;;;;;;;
Pekela;G0765;10848;Groningen;P20;9814;4974;18;14;4942;718;269;298;202;587;89;717;899;256;146;128;;0;;;;;;466;;;;;;;167;;;;;;;;;;;
Pijnacker-Nootdorp;G1926;10031;Zuid-Holland;P28;39201;23969;65;70;23834;4265;4766;2377;1900;1654;2640;1408;733;1115;1087;882;241;137;;;84;;;;;;512;33;;;;;;;;;;;;;;
Purmerend;G0439;11066;Noord-Holland;P27;62572;32508;125;84;32299;7618;3607;1759;3107;3015;2124;3429;2050;652;1588;;;406;1204;;573;;;;;1050;;117;;;;;;;;;;;;;;
Putten;G0273;11109;Gelderland;P25;18602;12005;26;25;11954;1785;1494;1911;384;334;333;704;231;2263;271;396;1736;25;;;;;;;;;;;65;;;;;;;;;;22;;;
Raalte;G0177;10279;Overijssel;P23;29691;17631;20;61;17550;1928;2920;5330;1640;1155;1072;849;912;502;337;758;90;57;;;;;;;;;;;;;;;;;;;;;;;;
Reimerswaal;G0703;10077;Zeeland;P29;15579;10762;22;19;10721;1062;593;1584;183;550;133;610;282;623;178;285;4014;19;;;;;;;;;;;;605;;;;;;;;;;;;
Renkum;G0274;11325;Gelderland;P25;24988;16082;31;45;16006;1731;2576;1407;2810;1464;1748;680;713;676;1088;673;108;67;;;;;;;;;;;252;;;;;;;;;;13;;;
Renswoude;G0339;10269;Utrecht;P26;3821;2571;5;4;2562;415;302;395;63;45;48;116;48;408;38;36;639;0;;;;;;;;;;;;;;;;;9;;;;;;;
Reusel-De Mierden;G1667;10162;Noord-Brabant;P30;10140;5041;8;19;5014;589;854;1160;236;357;316;370;468;;137;280;;3;;127;15;;27;;;;;;;;;54;;21;;;;;;;;
Rheden;G0275;11355;Gelderland;P25;34905;20707;64;52;20591;2496;3007;1833;2674;2483;1676;1319;1616;867;1274;735;93;184;;;;;;;;;;;308;;;;;;;;;;26;;;
Rhenen;G0340;10309;Utrecht;P26;15243;9621;33;21;9567;1354;1231;835;845;536;523;551;237;895;283;239;1868;71;;;;;;;;;;;;;;;;;99;;;;;;;
Ridderkerk;G0597;10646;Zuid-Holland;P28;36540;20246;54;50;20142;4218;2211;1409;941;1490;851;1673;903;1681;639;1195;2452;216;;;65;;;;;;123;43;;;;;;;;;;;32;;;
Rijssen-Holten;G1742;10358;Overijssel;P23;28428;19708;47;31;19630;2162;1876;3060;636;946;568;1010;458;2799;217;391;5432;75;;;;;;;;;;;;;;;;;;;;;;;;
Rijswijk;G0603;11133;Zuid-Holland;P28;39452;21701;76;66;21559;3930;3632;1457;2274;1836;2008;1968;838;685;994;1154;119;327;;;66;;;;;;188;61;;;;;;;;;;;22;;;
Roerdalen;G1669;10196;Limburg;P31;16426;8765;18;35;8712;1273;1140;1776;559;472;284;1307;624;65;305;282;;28;;;;;;;597;;;;;;;;;;;;;;;;;
Roermond;G0957;11313;Limburg;P31;44642;21897;52;96;21749;3269;2822;3120;2501;1293;1293;2732;1516;248;852;702;;852;;;;;;;549;;;;;;;;;;;;;;;;;
Roosendaal;G1674;10407;Noord-Brabant;P30;58661;28301;114;86;28101;4545;4469;3083;2628;1896;1629;2687;2423;;929;1439;;836;;616;44;;424;;;;;;;;;198;;255;;;;;;;;
Rotterdam;G0599;10345;Zuid-Holland;P28;456675;204426;1273;590;202563;31818;25965;8328;24858;17915;19894;15889;10379;6759;10949;8862;1863;15263;;;675;;;;;;;3146;;;;;;;;;;;;;;
Rozendaal;G0277;10684;Gelderland;P25;1246;992;5;0;987;96;347;95;109;77;115;20;21;35;39;21;4;0;;;;;;;;;;;8;;;;;;;;;;0;;;
Rucphen;G0840;11152;Noord-Brabant;P30;18420;8592;16;30;8546;1614;993;1002;302;301;316;2440;463;;240;338;;10;;350;9;;61;;;;;;;;;64;;43;;;;;;;;
Schagen;G0441;10511;Noord-Holland;P27;36623;21574;57;50;21467;3517;3606;3420;1834;2320;1264;1247;1302;402;849;;;18;583;;313;;;;;775;;17;;;;;;;;;;;;;;
Scherpenzeel;G0279;11146;Gelderland;P25;7355;5017;2;11;5004;839;675;585;203;172;143;241;101;641;79;117;1168;4;;;;;;;;;;;33;;;;;;;;;;3;;;
Schiedam;G0606;11260;Zuid-Holland;P28;55673;27469;100;120;27249;5774;3064;1398;2463;2338;1734;2558;1582;717;1236;1615;157;2127;;;128;;;;;;146;180;;;;;;;;;;;32;;;
Schiermonnikoog;G0088;10355;Fryslân;P21;772;532;3;7;522;61;69;68;58;96;16;33;24;28;34;6;2;2;;;;22;;;;;;;;;;;;;;2;;1;;;;
Schouwen-Duiveland;G1676;10843;Zeeland;P29;27157;17131;41;23;17067;1993;2284;2198;1115;1117;574;874;806;901;625;743;2098;10;;;;;;;;;;;;1729;;;;;;;;;;;;
's-Gravenhage;G0518;11434;Zuid-Holland;P28;352242;175004;996;539;173469;25331;27603;8308;21504;15175;19266;13689;5997;5104;10953;6214;1029;10407;;;471;;;;;;900;1518;;;;;;;;;;;;;;
's-Hertogenbosch;G0796;10054;Noord-Brabant;P30;119594;65017;177;208;64632;8622;10369;5610;7699;4598;7888;4907;6067;;3110;2143;;926;;984;150;;696;;;;;;;;;535;;328;;;;;;;;
Simpelveld;G0965;10515;Limburg;P31;8275;4564;6;12;4546;605;245;1282;237;400;153;715;386;40;235;128;;7;;;;;;;113;;;;;;;;;;;;;;;;;
Sint Anthonis;G1702;11415;Noord-Brabant;P30;9280;5662;18;17;5627;672;855;1664;265;224;325;250;653;;132;256;;4;;200;12;;35;;;;;;;;;53;;27;;;;;;;;
Sint-Michielsgestel;G0845;10496;Noord-Brabant;P30;22572;12568;30;47;12491;1527;2152;1950;1111;841;1539;808;1161;;410;418;;7;;258;30;;107;;;;;;;;;109;;63;;;;;;;;
Sittard-Geleen;G1883;11230;Limburg;P31;74716;39002;134;203;38665;5586;3385;5998;3670;2573;2334;6286;3261;445;1598;1814;;309;;;;;;;1406;;;;;;;;;;;;;;;;;
Sliedrecht;G0610;11331;Zuid-Holland;P28;18997;11072;29;18;11025;1625;1062;1044;366;729;344;756;511;1409;307;369;2259;99;;;32;;;;;;86;8;;;;;;;;;;;19;;;
Sluis;G1714;10895;Zeeland;P29;17344;9471;17;28;9426;1234;1347;1612;403;832;290;612;466;148;325;373;123;8;;;;;;;;;;;;1653;;;;;;;;;;;;
Smallingerland;G0090;10405;Fryslân;P21;43579;26207;76;77;26054;3082;2212;3565;1902;3480;1131;1708;1640;3112;722;686;426;48;;;;1409;;;;;;;;;;;;;;750;;181;;;;
Soest;G0342;11021;Utrecht;P26;35269;22160;36;51;22073;3131;4251;2196;2581;1664;1830;1334;669;1208;1059;929;364;468;;;;;;;;;;;;;;;;;389;;;;;;;
Someren;G0847;10203;Noord-Brabant;P30;15088;7920;15;42;7863;1167;1210;1926;372;449;401;649;469;;184;332;;19;;375;14;;52;;;;;;;;;211;;33;;;;;;;;
Son en Breugel;G0848;10549;Noord-Brabant;P30;13064;7745;18;24;7703;933;1506;1025;675;456;859;388;488;;337;597;;6;;210;11;;122;;;;;;;;;50;;40;;;;;;;;
Stadskanaal;G0037;10610;Groningen;P20;25714;13400;36;47;13317;1744;789;1618;521;1432;361;1253;1320;2238;237;389;;8;;;;;;953;;;;;;;454;;;;;;;;;;;
Staphorst;G0180;11362;Overijssel;P23;12145;9015;21;5;8989;1205;532;972;177;268;128;391;140;1790;88;118;3177;3;;;;;;;;;;;;;;;;;;;;;;;;
Stede Broec;G0532;11337;Noord-Holland;P27;16541;9182;33;22;9127;1910;1452;1063;625;737;519;698;741;244;325;;;20;269;;260;;;;;246;;18;;;;;;;;;;;;;;
Steenbergen;G0851;10731;Noord-Brabant;P30;18460;9186;16;30;9140;1943;1447;1043;412;539;636;1069;667;;291;401;;14;;210;17;;286;;;;;;;;;49;;116;;;;;;;;
Steenwijkerland;G1708;10546;Overijssel;P23;35146;20773;43;46;20684;3220;2929;3257;1715;2004;974;1426;1097;1893;704;976;405;84;;;;;;;;;;;;;;;;;;;;;;;;
Stein;G0971;11319;Limburg;P31;20646;11339;34;32;11273;2049;912;2179;720;593;533;1976;930;86;373;568;;32;;;;;;;322;;;;;;;;;;;;;;;;;
Stichtse Vecht;G1904;10191;Utrecht;P26;49069;29811;80;77;29654;4521;5612;3358;3468;2259;2356;1947;1098;1466;1076;1452;670;177;;;;;;;;;;;;;;;;;194;;;;;;;
Súdwest-Fryslân;G1900;11421;Fryslân;P21;69885;42553;79;99;42375;5489;3917;9486;2834;4907;1752;2251;1892;2092;1056;1029;209;42;;;;4217;;;;;;;;;;;;;;507;;695;;;;
Terneuzen;G0715;10704;Zeeland;P29;39847;21174;76;84;21014;3304;1862;3618;932;2116;716;1823;1140;1159;562;1384;1171;249;;;;;;;;;;;;978;;;;;;;;;;;;
Terschelling;G0093;11210;Fryslân;P21;4083;2512;8;8;2496;378;477;288;276;449;158;90;87;59;86;62;3;0;;;;47;;;;;;;;;;;;;;19;;17;;;;
Texel;G0448;10237;Noord-Holland;P27;10899;7236;19;31;7186;1361;1185;824;866;678;446;372;423;338;318;;;4;157;;86;;;;;122;;6;;;;;;;;;;;;;;
Teylingen;G1525;10017;Zuid-Holland;P28;28039;17535;42;47;17446;3033;3975;2134;1502;1145;1792;843;540;652;615;843;66;79;;;29;;;;;;192;6;;;;;;;;;;;;;;
Tholen;G0716;10376;Zeeland;P29;19380;12190;33;27;12130;1473;923;1437;306;581;133;1222;492;930;243;341;3429;30;;;;;;;;;;;;590;;;;;;;;;;;;
Tiel;G0281;10027;Gelderland;P25;31324;15569;40;44;15485;2981;2513;1070;1243;1527;1010;1369;795;584;639;830;166;586;;;;;;;;;;;172;;;;;;;;;;;;;
Tilburg;G0855;10792;Noord-Brabant;P30;162771;76860;230;343;76287;12828;10622;5862;9564;5447;8781;4379;6803;;3679;2832;;2120;;1271;238;;762;;;;;;;;;725;;374;;;;;;;;
Tubbergen;G0183;10694;Overijssel;P23;16621;10001;28;16;9957;1581;1385;4165;373;492;302;784;334;92;125;278;43;3;;;;;;;;;;;;;;;;;;;;;;;;
Twenterand;G1700;10643;Overijssel;P23;25850;15376;30;29;15317;2041;1130;4325;595;657;355;1964;721;1776;172;481;1085;15;;;;;;;;;;;;;;;;;;;;;;;;
Tynaarlo;G1730;10002;Drenthe;P22;26271;16963;26;42;16895;1548;2763;1287;2477;2313;1689;642;806;1111;691;499;45;6;;;;;;;;;;;;;;;368;;;;577;;;73;;
Tytsjerksteradiel;G0737;11241;Fryslân;P21;24902;15863;43;35;15785;2126;1197;3202;1167;1879;517;821;621;1200;416;329;189;5;;;;1785;;;;;;;;;;;;;;200;;131;;;;
Uden;G0856;11141;Noord-Brabant;P30;32442;17358;48;66;17244;2403;3068;2552;1168;942;1577;1156;2191;;556;627;;206;;389;32;;113;;;;;;;;;177;;87;;;;;;;;
Uitgeest;G0450;11238;Noord-Holland;P27;10427;6701;15;27;6659;1163;1026;682;857;630;649;404;368;129;301;;;12;165;;130;;;;;132;;11;;;;;;;;;;;;;;
Uithoorn;G0451;11206;Noord-Holland;P27;21512;12508;28;31;12449;2478;2449;960;1333;1025;969;909;526;315;583;;;68;483;;223;;;;;107;;21;;;;;;;;;;;;;;
Urk;G0184;10783;Flevoland;P24;13647;9730;27;9;9694;1707;68;822;11;15;15;1262;31;1673;20;42;3914;10;;;;;;;;;;;;;;;;;;;;;92;;2;10
Utrecht;G0344;10722;Utrecht;P26;253377;154385;398;575;153412;10392;19273;7715;42830;12297;22421;5750;5529;6175;10529;2190;531;6545;;;;;;;;;;;;;;;;;1235;;;;;;;
Utrechtse Heuvelrug;G1581;10777;Utrecht;P26;39551;25283;53;61;25169;2945;4592;2619;3627;1538;2528;987;786;1535;1460;780;1291;158;;;;;;;;;;;;;;;;;323;;;;;;;
Vaals;G0981;10007;Limburg;P31;6072;2988;14;13;2961;389;211;593;204;330;99;451;290;34;170;120;;10;;;;;;;60;;;;;;;;;;;;;;;;;
Valkenburg aan de Geul;G0994;11077;Limburg;P31;13595;7626;28;39;7559;1122;845;1767;658;389;369;844;547;88;298;276;;8;;;;;;;348;;;;;;;;;;;;;;;;;
Valkenswaard;G0858;11031;Noord-Brabant;P30;24820;12823;27;70;12726;1991;1963;1722;895;969;826;1169;1141;;431;655;;11;;378;22;;130;;;;;;;;;167;;256;;;;;;;;
Veendam;G0047;11292;Groningen;P20;21919;11380;34;28;11318;1542;863;573;658;1498;450;1011;1231;572;277;299;;154;;;;;;1730;;;;;;;460;;;;;;;;;;;
Veenendaal;G0345;11052;Utrecht;P26;49107;29653;73;70;29510;4083;3353;3079;1760;1341;1107;1609;1090;5650;555;924;3810;805;;;;;;;;;;;;;;;;;344;;;;;;;
Veere;G0717;10369;Zeeland;P29;17332;12235;24;18;12193;1048;1579;2212;741;1137;399;438;320;684;439;479;2124;3;;;;;;;;;;;;590;;;;;;;;;;;;
Veldhoven;G0861;10071;Noord-Brabant;P30;34856;18917;54;65;18798;2739;3230;2205;1395;1221;1625;1378;1724;;593;983;;33;;487;45;;287;;;;;;;;;687;;166;;;;;;;;
Velsen;G0453;10620;Noord-Holland;P27;52482;28955;89;80;28786;6091;3861;1745;3007;2728;2365;2340;1640;1112;1459;;;372;1155;;449;;;;;395;;67;;;;;;;;;;;;;;
Venlo;G0983;10477;Limburg;P31;75865;38113;121;128;37864;5279;4192;6455;3174;2701;1786;5557;3065;347;992;1449;;1124;;;;;;;1743;;;;;;;;;;;;;;;;;
Venray;G0984;11222;Limburg;P31;33251;17306;33;56;17217;2267;2147;3758;1224;1020;2158;1417;1638;168;410;542;;235;;;;;;;233;;;;;;;;;;;;;;;;;
Vijfheerenlanden;G1961;10685;Utrecht;P26;42669;25248;68;55;25125;3809;3020;3616;1547;1657;1301;1769;920;2290;639;727;3070;625;;;;;;;;;;;;;;;;;135;;;;;;;
Vlaardingen;G0622;10811;Zuid-Holland;P28;54153;27627;80;114;27433;5657;3325;1895;2175;2430;1782;2386;1764;1283;1162;1482;503;1180;;;152;;;;;;130;90;;;;;;;;;;;37;;;
Vlieland;G0096;10211;Fryslân;P21;882;455;0;0;455;58;118;26;46;61;34;17;18;8;22;17;0;0;;;;13;;;;;;;;;;;;;;6;;11;;;;
Vlissingen;G0718;10270;Zeeland;P29;33724;17040;50;58;16932;2430;1764;1794;1228;1697;892;1195;1098;622;838;1652;511;173;;;;;;;;;;;;1038;;;;;;;;;;;;
Voerendaal;G0986;11341;Limburg;P31;10110;5959;11;22;5926;721;653;1051;455;403;418;600;456;73;353;184;;7;;;;;;;552;;;;;;;;;;;;;;;;;
Voorschoten;G0626;10537;Zuid-Holland;P28;18882;12750;29;40;12681;1804;2762;1257;1642;1105;1523;544;366;420;541;483;51;55;;;33;;;;;;88;7;;;;;;;;;;;;;;
Voorst;G0285;10912;Gelderland;P25;19367;11635;23;36;11576;1453;1997;1877;1105;1063;839;580;605;478;411;589;308;44;;;;;;;;;;;213;;;;;;;;;;14;;;
Vught;G0865;11224;Noord-Brabant;P30;20291;11990;21;31;11938;1274;2731;1067;1304;948;1658;492;1249;;500;261;;6;;164;13;;139;;;;;;;;;86;;46;;;;;;;;
Waadhoeke;G1949;10404;Fryslân;P21;35651;20991;46;38;20907;2779;1832;4144;1331;2697;666;1118;1066;1017;622;520;94;20;;;;2329;;;;;;;;;;;;;;494;;178;;;;
Waalre;G0866;10959;Noord-Brabant;P30;13118;8129;20;18;8091;977;1800;970;774;474;935;381;532;;375;329;;16;;143;26;;122;;;;;;;;;91;;146;;;;;;;;
Waalwijk;G0867;11359;Noord-Brabant;P30;36783;18187;30;51;18106;3004;2830;1918;1238;953;1242;1549;1448;;580;750;;206;;513;33;;1585;;;;;;;;;168;;89;;;;;;;;
Waddinxveen;G0627;10081;Zuid-Holland;P28;21414;13269;24;25;13220;2162;1974;1125;842;784;856;728;387;1645;390;614;1382;168;;;40;;;;;;91;32;;;;;;;;;;;;;;
Wageningen;G0289;11010;Gelderland;P25;28132;18722;31;52;18639;1234;1812;1093;4744;2104;2765;522;1002;1143;1305;389;194;68;;;;;;;;;;;253;;;;;;;;;;11;;;
Wassenaar;G0629;10164;Zuid-Holland;P28;17832;11508;50;28;11430;2248;3600;1386;670;490;889;598;222;243;442;373;38;22;;;21;;;;;;177;11;;;;;;;;;;;;;;
Waterland;G0852;10983;Noord-Holland;P27;13555;9389;18;22;9349;1875;1206;1193;1320;900;710;501;390;269;494;;;5;213;;117;;;;;150;;6;;;;;;;;;;;;;;
Weert;G0988;11081;Limburg;P31;39036;20412;55;86;20271;3364;2870;3674;1579;1089;1286;2000;1465;176;580;604;;340;;;;;;;1244;;;;;;;;;;;;;;;;;
Weesp;G0457;10773;Noord-Holland;P27;14479;8622;29;27;8566;1129;1244;731;1347;848;910;464;504;242;448;;;159;328;;115;;;;;73;;24;;;;;;;;;;;;;;
West Betuwe;G1960;10881;Gelderland;P25;38850;24209;65;53;24091;4668;3514;2485;1406;1518;1237;1740;801;1626;726;884;2888;68;;;;;;;;;;;530;;;;;;;;;;;;;
West Maas en Waal;G0668;10042;Gelderland;P25;15291;8533;19;39;8475;1588;1614;1217;498;477;450;763;912;109;270;460;20;3;;;;;;;;;;;94;;;;;;;;;;;;;
Westerkwartier;G1969;10604;Groningen;P20;48848;29280;61;74;29145;3185;2476;3983;2788;2851;1324;1384;1478;4772;694;642;;24;;;;;;2682;;;;;;;862;;;;;;;;;;;
Westerveld;G1701;10186;Drenthe;P22;15994;10227;13;29;10185;1149;1846;942;1157;1219;569;498;478;439;608;382;74;5;;;;;;;;;;;;;;;566;;;;201;;;52;;
Westervoort;G0293;11085;Gelderland;P25;11894;6537;19;29;6489;1095;890;713;670;688;379;490;560;220;321;318;17;49;;;;;;;;;;;71;;;;;;;;;;8;;;
Westerwolde ;G1950;11249;Groningen;P20;20001;11181;17;36;11128;1707;975;1195;687;1288;361;1276;1064;575;521;325;;11;;;;;;725;;;;;;;418;;;;;;;;;;;
Westland;G1783;11418;Zuid-Holland;P28;81091;49007;112;140;48755;11804;10135;8325;1981;2263;2591;3444;1103;2276;1266;1940;784;275;;;113;;;;;;331;82;;;;;;;;;;;42;;;
Weststellingwerf;G0098;11322;Fryslân;P21;20734;11694;28;39;11627;1791;1568;1784;820;1525;474;857;750;397;455;443;53;27;;;;281;;;;;;;;;;;;;;282;;120;;;;
Westvoorne;G0614;10009;Zuid-Holland;P28;11951;7301;20;21;7260;1747;1802;570;295;555;497;508;240;216;345;342;42;6;;;24;;;;;;65;3;;;;;;;;;;;3;;;
Wierden;G0189;10676;Overijssel;P23;18874;12208;21;18;12169;1760;1817;3184;521;560;460;781;370;1462;160;487;599;8;;;;;;;;;;;;;;;;;;;;;;;;
Wijchen;G0296;10723;Gelderland;P25;32287;18121;47;80;17994;2752;2828;2908;1505;1491;1352;1322;1472;305;628;1095;45;100;;;;;;;;;;;191;;;;;;;;;;;;;
Wijdemeren;G1696;10534;Noord-Holland;P27;18893;11936;26;27;11883;2067;2474;1478;1172;794;1048;668;409;605;526;;;10;376;;170;;;;;75;;11;;;;;;;;;;;;;;
Wijk bij Duurstede;G0352;10760;Utrecht;P26;18601;11213;22;28;11163;1576;1959;1371;1460;701;639;739;702;545;424;383;420;38;;;;;;;;;;;;;;;;;206;;;;;;;
Winterswijk;G0294;11119;Gelderland;P25;22601;12511;30;45;12436;1611;2365;2079;1143;1427;958;592;908;292;324;480;50;73;;;;;;;;;;;122;;;;;;;;;;12;;;
Woensdrecht;G0873;10602;Noord-Brabant;P30;16159;7953;17;24;7912;1541;1307;1010;366;441;574;902;539;;314;404;;12;;289;18;;88;;;;;;;;;67;;40;;;;;;;;
Woerden;G0632;10974;Utrecht;P26;39438;24779;43;72;24664;3048;3897;4111;2692;1754;1789;1087;865;2014;936;643;994;277;;;;;;;;;;;;;;;;;557;;;;;;;
Wormerland;G0880;10648;Noord-Holland;P27;12980;7809;21;23;7765;1287;1134;591;1050;854;550;484;517;261;434;;;52;267;;131;;;;;149;;4;;;;;;;;;;;;;;
Woudenberg;G0351;11398;Utrecht;P26;9786;6640;9;14;6617;743;864;871;397;308;243;262;161;814;161;196;1539;11;;;;;;;;;;;;;;;;;47;;;;;;;
Zaanstad;G0479;11044;Noord-Holland;P27;114663;59786;210;161;59415;10610;6559;2939;7335;6230;4114;4873;4526;1949;3375;;;2397;2135;;982;;;;;1181;;210;;;;;;;;;;;;;;
Zaltbommel;G0297;10557;Gelderland;P25;20778;12903;33;28;12842;1567;1701;1477;900;779;683;740;561;1112;410;424;2300;74;;;;;;;;;;;114;;;;;;;;;;;;;
Zandvoort;G0473;10910;Noord-Holland;P27;13366;7589;35;33;7521;1811;1424;562;556;586;496;768;261;104;378;;;28;195;;75;;;;;273;;4;;;;;;;;;;;;;;
Zeewolde;G0050;10012;Flevoland;P24;16020;9786;24;25;9737;1812;1750;1154;856;505;496;532;347;1183;331;424;203;27;;;;;;;;;;;;;;;;;;;;;23;;52;42
Zeist;G0355;10324;Utrecht;P26;47989;29530;77;84;29369;3175;5645;2409;4958;2096;2882;1365;1007;1754;1597;768;578;587;;;;;;;;;;;;;;;;;548;;;;;;;
Zevenaar;G0299;10938;Gelderland;P25;34858;18273;46;58;18169;2942;2765;2669;1466;1779;1167;1487;1356;311;625;989;46;126;;;;;;;;;;;418;;;;;;;;;;23;;;
Zoetermeer;G0637;10766;Zuid-Holland;P28;95429;50381;170;125;50086;10096;8012;2999;4239;4448;4041;4328;2421;2136;2186;3204;703;548;;;204;;;;;;414;107;;;;;;;;;;;;;;
Zoeterwoude;G0638;11074;Zuid-Holland;P28;6678;4199;20;14;4165;665;773;576;377;352;412;229;182;137;159;198;32;14;;;6;;;;;;51;2;;;;;;;;;;;;;;
Zuidplas;G1892;10855;Zuid-Holland;P28;32406;19506;51;38;19417;3366;3493;1620;1113;1149;1320;1037;792;1938;630;860;1655;165;;;48;;;;;;203;28;;;;;;;;;;;;;;
Zundert;G0879;11192;Noord-Brabant;P30;16895;8514;25;25;8464;1361;1582;1647;428;363;568;753;620;;262;345;;17;;333;19;;71;;;;;;;;;53;;42;;;;;;;;
Zutphen;G0301;10254;Gelderland;P25;37128;21982;41;60;21881;2238;2491;1430;3685;2812;1768;1171;2029;994;1792;760;111;291;;;;;;;;;;;240;;;;;;;;;;69;;;
Zwartewaterland;G1896;10746;Overijssel;P23;16523;11198;20;17;11161;1224;771;1593;363;560;193;667;409;2236;181;260;2700;4;;;;;;;;;;;;;;;;;;;;;;;;
Zwijndrecht;G0642;10468;Zuid-Holland;P28;34512;17715;38;51;17626;3372;2340;1639;1000;1225;874;1408;863;1550;591;1004;1022;356;;;50;;;;;;276;35;;;;;;;;;;;21;;;
Zwolle;G0193;10093;Overijssel;P23;97550;59833;125;166;59542;5446;7677;5118;9889;6007;5031;2780;3738;7859;2894;1572;809;722;;;;;;;;;;;;;;;;;;;;;;;;
